[{"created_at":"Wed Feb 26 15:05:09 +0000 2014","id":438691211298504704,"id_str":"438691211298504704","text":"We're upgrading the demo server. The demo is working.\nSorry for the inconvenience","source":"\u003ca href=\"https:\/\/about.twitter.com\/products\/tweetdeck\" rel=\"nofollow\"\u003eTweetDeck\u003c\/a\u003e","truncated":false,"in_reply_to_status_id":null,"in_reply_to_status_id_str":null,"in_reply_to_user_id":null,"in_reply_to_user_id_str":null,"in_reply_to_screen_name":null,"user":{"id":108858087,"id_str":"108858087","name":"HighThemes","screen_name":"theHighThemes","location":"","description":"We make original wordpress themes. We are wp lovers!","url":"http:\/\/t.co\/LJr4u4pp6v","entities":{"url":{"urls":[{"url":"http:\/\/t.co\/LJr4u4pp6v","expanded_url":"http:\/\/themeforest.net\/user\/highthemes","display_url":"themeforest.net\/user\/highthemes","indices":[0,22]}]},"description":{"urls":[]}},"protected":false,"followers_count":420,"friends_count":384,"listed_count":15,"created_at":"Wed Jan 27 06:32:48 +0000 2010","favourites_count":0,"utc_offset":-36000,"time_zone":"Hawaii","geo_enabled":false,"verified":false,"statuses_count":466,"lang":"en","contributors_enabled":false,"is_translator":false,"is_translation_enabled":false,"profile_background_color":"022330","profile_background_image_url":"http:\/\/abs.twimg.com\/images\/themes\/theme15\/bg.png","profile_background_image_url_https":"https:\/\/abs.twimg.com\/images\/themes\/theme15\/bg.png","profile_background_tile":false,"profile_image_url":"http:\/\/pbs.twimg.com\/profile_images\/2488388348\/07cco1b48etj9simmv5o_normal.png","profile_image_url_https":"https:\/\/pbs.twimg.com\/profile_images\/2488388348\/07cco1b48etj9simmv5o_normal.png","profile_link_color":"0084B4","profile_sidebar_border_color":"A8C7F7","profile_sidebar_fill_color":"C0DFEC","profile_text_color":"333333","profile_use_background_image":true,"default_profile":false,"default_profile_image":false,"following":false,"follow_request_sent":false,"notifications":false},"geo":null,"coordinates":null,"place":null,"contributors":null,"retweet_count":0,"favorite_count":0,"entities":{"hashtags":[],"symbols":[],"urls":[],"user_mentions":[]},"favorited":false,"retweeted":false,"lang":"en"},{"created_at":"Mon Feb 24 16:14:29 +0000 2014","id":437983881187569664,"id_str":"437983881187569664","text":"Duo to high traffic, the demo server is a bit slow. Sorry for the inconvenience, I will fix it asap","source":"\u003ca href=\"https:\/\/about.twitter.com\/products\/tweetdeck\" rel=\"nofollow\"\u003eTweetDeck\u003c\/a\u003e","truncated":false,"in_reply_to_status_id":null,"in_reply_to_status_id_str":null,"in_reply_to_user_id":null,"in_reply_to_user_id_str":null,"in_reply_to_screen_name":null,"user":{"id":108858087,"id_str":"108858087","name":"HighThemes","screen_name":"theHighThemes","location":"","description":"We make original wordpress themes. We are wp lovers!","url":"http:\/\/t.co\/LJr4u4pp6v","entities":{"url":{"urls":[{"url":"http:\/\/t.co\/LJr4u4pp6v","expanded_url":"http:\/\/themeforest.net\/user\/highthemes","display_url":"themeforest.net\/user\/highthemes","indices":[0,22]}]},"description":{"urls":[]}},"protected":false,"followers_count":420,"friends_count":384,"listed_count":15,"created_at":"Wed Jan 27 06:32:48 +0000 2010","favourites_count":0,"utc_offset":-36000,"time_zone":"Hawaii","geo_enabled":false,"verified":false,"statuses_count":466,"lang":"en","contributors_enabled":false,"is_translator":false,"is_translation_enabled":false,"profile_background_color":"022330","profile_background_image_url":"http:\/\/abs.twimg.com\/images\/themes\/theme15\/bg.png","profile_background_image_url_https":"https:\/\/abs.twimg.com\/images\/themes\/theme15\/bg.png","profile_background_tile":false,"profile_image_url":"http:\/\/pbs.twimg.com\/profile_images\/2488388348\/07cco1b48etj9simmv5o_normal.png","profile_image_url_https":"https:\/\/pbs.twimg.com\/profile_images\/2488388348\/07cco1b48etj9simmv5o_normal.png","profile_link_color":"0084B4","profile_sidebar_border_color":"A8C7F7","profile_sidebar_fill_color":"C0DFEC","profile_text_color":"333333","profile_use_background_image":true,"default_profile":false,"default_profile_image":false,"following":false,"follow_request_sent":false,"notifications":false},"geo":null,"coordinates":null,"place":null,"contributors":null,"retweet_count":0,"favorite_count":0,"entities":{"hashtags":[],"symbols":[],"urls":[],"user_mentions":[]},"favorited":false,"retweeted":false,"lang":"en"},{"created_at":"Mon Feb 24 16:13:43 +0000 2014","id":437983689893748736,"id_str":"437983689893748736","text":"Ver 1.0.1 of inCreate is out! Download it. #bugfixes\nhttp:\/\/t.co\/B43y79QGvP","source":"\u003ca href=\"https:\/\/about.twitter.com\/products\/tweetdeck\" rel=\"nofollow\"\u003eTweetDeck\u003c\/a\u003e","truncated":false,"in_reply_to_status_id":null,"in_reply_to_status_id_str":null,"in_reply_to_user_id":null,"in_reply_to_user_id_str":null,"in_reply_to_screen_name":null,"user":{"id":108858087,"id_str":"108858087","name":"HighThemes","screen_name":"theHighThemes","location":"","description":"We make original wordpress themes. We are wp lovers!","url":"http:\/\/t.co\/LJr4u4pp6v","entities":{"url":{"urls":[{"url":"http:\/\/t.co\/LJr4u4pp6v","expanded_url":"http:\/\/themeforest.net\/user\/highthemes","display_url":"themeforest.net\/user\/highthemes","indices":[0,22]}]},"description":{"urls":[]}},"protected":false,"followers_count":420,"friends_count":384,"listed_count":15,"created_at":"Wed Jan 27 06:32:48 +0000 2010","favourites_count":0,"utc_offset":-36000,"time_zone":"Hawaii","geo_enabled":false,"verified":false,"statuses_count":466,"lang":"en","contributors_enabled":false,"is_translator":false,"is_translation_enabled":false,"profile_background_color":"022330","profile_background_image_url":"http:\/\/abs.twimg.com\/images\/themes\/theme15\/bg.png","profile_background_image_url_https":"https:\/\/abs.twimg.com\/images\/themes\/theme15\/bg.png","profile_background_tile":false,"profile_image_url":"http:\/\/pbs.twimg.com\/profile_images\/2488388348\/07cco1b48etj9simmv5o_normal.png","profile_image_url_https":"https:\/\/pbs.twimg.com\/profile_images\/2488388348\/07cco1b48etj9simmv5o_normal.png","profile_link_color":"0084B4","profile_sidebar_border_color":"A8C7F7","profile_sidebar_fill_color":"C0DFEC","profile_text_color":"333333","profile_use_background_image":true,"default_profile":false,"default_profile_image":false,"following":false,"follow_request_sent":false,"notifications":false},"geo":null,"coordinates":null,"place":null,"contributors":null,"retweet_count":0,"favorite_count":0,"entities":{"hashtags":[{"text":"bugfixes","indices":[43,52]}],"symbols":[],"urls":[{"url":"http:\/\/t.co\/B43y79QGvP","expanded_url":"http:\/\/bit.ly\/1hcc5KH","display_url":"bit.ly\/1hcc5KH","indices":[53,75]}],"user_mentions":[]},"favorited":false,"retweeted":false,"possibly_sensitive":false,"lang":"en"}]